id,name,color,workspace_id,created_at
cc24ed1a-41e9-43af-b862-36127ecbaaf5,admin,#0693e3,e9284c06-7caa-4081-9497-a3ed07c721d4,2025-12-05 20:42:25.87616+07
a89ab10a-b810-42b1-b942-26c16a565695,concepts,#9900ef,e9284c06-7caa-4081-9497-a3ed07c721d4,2025-12-05 20:42:25.971138+07
f17f56b3-e0cb-4a19-bebe-ebbed6c28645,admin,#0693e3,21102733-6c59-497f-9905-432b4b1edb0b,2026-01-19 13:57:27.699169+07
b7a63a06-c343-414c-83dd-6e19c7769a22,concepts,#9900ef,21102733-6c59-497f-9905-432b4b1edb0b,2026-01-19 13:57:27.792845+07
47fa9683-7620-4e23-abfe-c6ae51b4d79f,admin,#0693e3,7de48fb1-91b4-4d07-9242-856fafe9bc5e,2026-01-19 13:57:47.04837+07
11e8a564-ba0b-40b0-9256-08f833be8fa6,concepts,#9900ef,7de48fb1-91b4-4d07-9242-856fafe9bc5e,2026-01-19 13:57:47.13893+07
a4d115d1-238c-460a-b509-c3b420f73ccb,admin,#0693e3,a4f9f595-3e50-488e-9dbd-4dcc991232d9,2026-01-19 16:10:07.704602+07
8eadbcb2-6b67-48f5-8e12-28f0918900bd,concepts,#9900ef,a4f9f595-3e50-488e-9dbd-4dcc991232d9,2026-01-19 16:10:07.799601+07
02e67d16-6336-4c8e-b208-51e3b3fb09cc,Weather App,#FCB900,39481af8-0004-4ff0-9be3-9e4b27d81187,2026-01-19 16:17:24.317921+07
0e2fde1a-daed-4d63-892c-18eb8491d25c,admin,#0693e3,bb323798-d324-4b5d-aa8e-87d0a0e510ee,2026-01-20 09:12:07.879215+07
3dfeb10f-dda1-4130-b0a4-7641bbac11cb,concepts,#9900ef,bb323798-d324-4b5d-aa8e-87d0a0e510ee,2026-01-20 09:12:07.93194+07
adb0fcc5-b9b4-44de-9c5c-66776522afda,DAAS,#EB144C,39481af8-0004-4ff0-9be3-9e4b27d81187,2026-01-21 10:55:00.286303+07
8b9ea78b-403e-4e06-b42c-848cddfa9b30,admin,#0693e3,5a35dcb7-be5f-45f1-a86f-e343176dc443,2026-01-21 16:43:01.739391+07
5467cf9d-2591-42bc-a579-25ef959ce6d2,concepts,#9900ef,5a35dcb7-be5f-45f1-a86f-e343176dc443,2026-01-21 16:43:01.791915+07
65fc40ed-0c7d-47e5-ba0d-ae8a49b321e5,admin,#0693e3,800acfad-11a1-44c6-824c-22f1adde5893,2026-01-21 17:06:05.088097+07
61b8754e-b593-4e54-9f8d-3198854f7314,concepts,#9900ef,800acfad-11a1-44c6-824c-22f1adde5893,2026-01-21 17:06:05.359979+07
e9bf2336-fb16-465d-a8bb-92deae33e717,Teknisi,#0693E3,39481af8-0004-4ff0-9be3-9e4b27d81187,2026-01-22 10:00:11.65115+07
3a3ebabc-54e3-46cd-9d48-f67d862c31b1,AM,#00D084,39481af8-0004-4ff0-9be3-9e4b27d81187,2026-01-22 10:00:16.386742+07
58ed9f65-62b7-4d91-9377-44de1b594194,MTC,#8ED1FC,39481af8-0004-4ff0-9be3-9e4b27d81187,2026-01-22 10:09:09.346131+07
efb1fb5a-e4ac-4d19-a148-1b7bbf5d026a,api,#00D084,39481af8-0004-4ff0-9be3-9e4b27d81187,2026-01-22 10:18:43.097992+07
978f7a68-e3f6-4fe7-bd37-f25421c6792b,admin,#0693e3,9c948c49-4f74-4eb1-9a88-86f9d2833be1,2026-01-23 16:11:08.299756+07
1d668ab1-a50a-4930-95c4-b12f78e0671d,concepts,#9900ef,9c948c49-4f74-4eb1-9a88-86f9d2833be1,2026-01-23 16:11:08.346064+07
2112d325-6658-41d7-9e58-d4362bd2150b,admin,#0693e3,24ae4588-d944-4a5a-b97e-83ac4bc113a6,2026-01-23 16:24:29.223891+07
1b3147c8-bc9f-44bb-a465-2d1bb2413c84,concepts,#9900ef,24ae4588-d944-4a5a-b97e-83ac4bc113a6,2026-01-23 16:24:29.311442+07
5a9b992b-9787-48b0-9cfa-4b5492488569,admin,#0693e3,510b46ec-73ba-40ea-8d10-0a3e36ba6d3b,2026-01-27 09:59:49.096174+07
2153c967-c32e-49e3-b40a-c489723fcd45,concepts,#9900ef,510b46ec-73ba-40ea-8d10-0a3e36ba6d3b,2026-01-27 09:59:49.190207+07
9474860e-9ce9-4d2a-a85a-1dbefe2042d8,HIGH PRIORITY,#F78DA7,39481af8-0004-4ff0-9be3-9e4b27d81187,2026-01-27 12:26:28.175574+07
e1e9398f-1812-4d82-a20d-eaf187cb9c11,ADMIN / LAPTOP,#9900EF,39481af8-0004-4ff0-9be3-9e4b27d81187,2026-01-27 12:26:52.219274+07
0f9be730-3bed-49a2-943e-faa952be51b1,FIELD / VISIT,#9900EF,39481af8-0004-4ff0-9be3-9e4b27d81187,2026-01-27 12:27:19.871275+07
4f3afb60-1b40-4a33-b612-3eb471c496e3,WAITING,#7BDCB5,39481af8-0004-4ff0-9be3-9e4b27d81187,2026-01-27 12:27:27.986162+07
2d80a3ba-3e20-46e3-b032-3c1473f52112,admin,#0693e3,fa30fae5-e070-44a0-88bf-b1e2aee7e9ab,2026-02-04 14:27:18.256548+07
6fbe9f64-ec0b-47bf-a891-14bbbb53028c,concepts,#9900ef,fa30fae5-e070-44a0-88bf-b1e2aee7e9ab,2026-02-04 14:27:18.353307+07
0a097a84-76d9-4b74-adc0-4963803b1dba,admin,#0693e3,5abbb1c1-a9ee-435c-9d33-6d75125d85d4,2026-02-09 13:23:38.428803+07
715428b6-a295-4764-a240-1d316647d42e,concepts,#9900ef,5abbb1c1-a9ee-435c-9d33-6d75125d85d4,2026-02-09 13:23:38.534051+07
244ed3e4-2ba0-4917-b8d0-0428f8c6bae7,PDAM,#0693e3,39481af8-0004-4ff0-9be3-9e4b27d81187,2026-02-13 11:29:19.618793+07
bcb1bc30-b026-4a90-b0ba-4a5cf015d8a5,admin,#0693e3,2eba5209-bc34-4edf-9e83-9b61885c1558,2026-02-16 14:32:08.943673+07
f2d72750-2631-43c9-b6b8-df8def166ff9,concepts,#9900ef,2eba5209-bc34-4edf-9e83-9b61885c1558,2026-02-16 14:32:09.003937+07
f6c9587f-831d-4879-842d-cc6afd7b033e,other,#F78DA7,39481af8-0004-4ff0-9be3-9e4b27d81187,2026-02-06 15:34:37.816622+07
09a2874e-f5ab-4d5f-9c5c-0fd920e0c90f,New WeatherApp,#FF6900,39481af8-0004-4ff0-9be3-9e4b27d81187,2026-01-22 10:12:14.257716+07
e27d3996-41bd-4ff2-b9fa-d3352384135f,FOEWS,#FCB900,39481af8-0004-4ff0-9be3-9e4b27d81187,2026-02-19 11:15:00.404431+07
789b8e4a-331f-4872-bebc-7e704eeebe98,admin,#0693e3,589252ad-2801-47b7-a365-a9c984c054bb,2026-05-11 21:24:10.031008+07
1f481969-c20f-41d2-9884-395240657286,concepts,#9900ef,589252ad-2801-47b7-a365-a9c984c054bb,2026-05-11 21:24:10.084769+07
6f235aa3-48af-43d9-ab89-f8da1f5f7365,logger_dash,#F78DA7,39481af8-0004-4ff0-9be3-9e4b27d81187,2026-06-23 11:06:57.429795+07
7fe33ab5-30bc-4f28-8f46-29c9246ef29b,mqtt_backup,#7BDCB5,39481af8-0004-4ff0-9be3-9e4b27d81187,2026-06-23 11:07:02.938902+07
