id,name,description,color,slug,created_by_id,project_id,updated_by_id,workspace_id,sequence,group,default,is_triage,deleted_at
20ba0e02-743f-4e03-afa3-cd2470b3b4a1,Backlog,"",#60646C,"",fd60c98b-2a47-4cca-a21f-95256bda6232,93435240-9f59-465c-81f9-c33de18d8cfa,,39481af8-0004-4ff0-9be3-9e4b27d81187,15000,backlog,t,f,
211355b4-2a28-49e3-8fbb-f24a925fbade,Todo,"",#60646C,"",fd60c98b-2a47-4cca-a21f-95256bda6232,93435240-9f59-465c-81f9-c33de18d8cfa,,39481af8-0004-4ff0-9be3-9e4b27d81187,25000,unstarted,f,f,
43f10d7a-8b57-4bcd-ba74-e0cf7e6b9f86,In Progress,"",#F59E0B,"",fd60c98b-2a47-4cca-a21f-95256bda6232,93435240-9f59-465c-81f9-c33de18d8cfa,,39481af8-0004-4ff0-9be3-9e4b27d81187,35000,started,f,f,
37e7fc76-7e4d-4ffa-87bf-086ecc9800d6,Done,"",#46A758,"",fd60c98b-2a47-4cca-a21f-95256bda6232,93435240-9f59-465c-81f9-c33de18d8cfa,,39481af8-0004-4ff0-9be3-9e4b27d81187,45000,completed,f,f,
d4d62c06-aaa2-4387-b91b-68ec63ae0999,Cancelled,"",#9AA4BC,"",fd60c98b-2a47-4cca-a21f-95256bda6232,93435240-9f59-465c-81f9-c33de18d8cfa,,39481af8-0004-4ff0-9be3-9e4b27d81187,55000,cancelled,f,f,
a4b0f727-eac9-47dc-880e-9aad3cc01105,Backlog,"",#A3A3A3,backlog,,dc89c648-184f-479a-ae89-52ede51c8340,,e9284c06-7caa-4081-9497-a3ed07c721d4,15000,backlog,t,f,
20dae5c1-d659-44c5-bd31-ffc4fd9580a8,Todo,"",#3A3A3A,todo,,dc89c648-184f-479a-ae89-52ede51c8340,,e9284c06-7caa-4081-9497-a3ed07c721d4,30000,unstarted,f,f,
a9ea3096-6ea0-43e5-bae6-77b630320842,In Progress,"",#F59E0B,in-progress,,dc89c648-184f-479a-ae89-52ede51c8340,,e9284c06-7caa-4081-9497-a3ed07c721d4,45000,started,f,f,
2a5ba4d5-ae10-4cf7-97aa-11d7011d732a,Done,"",#16A34A,done,,dc89c648-184f-479a-ae89-52ede51c8340,,e9284c06-7caa-4081-9497-a3ed07c721d4,60000,completed,f,f,
879bb9c4-5007-409d-bbea-185529e92489,Cancelled,"",#EF4444,cancelled,,dc89c648-184f-479a-ae89-52ede51c8340,,e9284c06-7caa-4081-9497-a3ed07c721d4,75000,cancelled,f,f,
27f19a2b-66f7-47bb-8b63-948282955bf3,Backlog,"",#60646C,"",fd60c98b-2a47-4cca-a21f-95256bda6232,2ec38bb9-dd62-4645-9887-c647f7cf0ec9,,39481af8-0004-4ff0-9be3-9e4b27d81187,15000,backlog,t,f,
04c4a0ab-50aa-4f2e-a91f-1a309b28f08d,Todo,"",#60646C,"",fd60c98b-2a47-4cca-a21f-95256bda6232,2ec38bb9-dd62-4645-9887-c647f7cf0ec9,,39481af8-0004-4ff0-9be3-9e4b27d81187,25000,unstarted,f,f,
b1ff0f75-5a7d-45c3-8f30-b572062c8051,In Progress,"",#F59E0B,"",fd60c98b-2a47-4cca-a21f-95256bda6232,2ec38bb9-dd62-4645-9887-c647f7cf0ec9,,39481af8-0004-4ff0-9be3-9e4b27d81187,35000,started,f,f,
f1769ee6-4763-41ae-9505-b3b1adbebfd2,Done,"",#46A758,"",fd60c98b-2a47-4cca-a21f-95256bda6232,2ec38bb9-dd62-4645-9887-c647f7cf0ec9,,39481af8-0004-4ff0-9be3-9e4b27d81187,45000,completed,f,f,
4e65fc9e-b001-4226-8765-3ba93895dcf3,Cancelled,"",#9AA4BC,"",fd60c98b-2a47-4cca-a21f-95256bda6232,2ec38bb9-dd62-4645-9887-c647f7cf0ec9,,39481af8-0004-4ff0-9be3-9e4b27d81187,55000,cancelled,f,f,
66bb02c7-b515-464a-9e08-ac01aabc5273,Backlog,"",#A3A3A3,backlog,,72f8b9f8-81e6-4109-ab54-651c4886703b,,21102733-6c59-497f-9905-432b4b1edb0b,15000,backlog,t,f,
b5498c04-c89d-44c1-a940-e386900ea6e8,Todo,"",#3A3A3A,todo,,72f8b9f8-81e6-4109-ab54-651c4886703b,,21102733-6c59-497f-9905-432b4b1edb0b,30000,unstarted,f,f,
8e8c882d-a34c-4278-93cf-8161acc1d53b,In Progress,"",#F59E0B,in-progress,,72f8b9f8-81e6-4109-ab54-651c4886703b,,21102733-6c59-497f-9905-432b4b1edb0b,45000,started,f,f,
153cf30a-cd0a-4702-9941-d9a5ac8b963f,Done,"",#16A34A,done,,72f8b9f8-81e6-4109-ab54-651c4886703b,,21102733-6c59-497f-9905-432b4b1edb0b,60000,completed,f,f,
a28c05af-3d0b-4c0c-ab65-0d56a9205f5e,Cancelled,"",#EF4444,cancelled,,72f8b9f8-81e6-4109-ab54-651c4886703b,,21102733-6c59-497f-9905-432b4b1edb0b,75000,cancelled,f,f,
b40ded9d-637a-43a8-a86e-66890b07d6aa,Backlog,"",#A3A3A3,backlog,,b15fcd15-f6eb-4e2f-9208-11810db53813,,7de48fb1-91b4-4d07-9242-856fafe9bc5e,15000,backlog,t,f,
405c3669-72c1-4a09-890d-ba2d3cc241b1,Todo,"",#3A3A3A,todo,,b15fcd15-f6eb-4e2f-9208-11810db53813,,7de48fb1-91b4-4d07-9242-856fafe9bc5e,30000,unstarted,f,f,
7084e16b-bd05-4dcd-8a04-8af5d5a2c55f,In Progress,"",#F59E0B,in-progress,,b15fcd15-f6eb-4e2f-9208-11810db53813,,7de48fb1-91b4-4d07-9242-856fafe9bc5e,45000,started,f,f,
1aefbf26-3272-4622-a8fc-306a67ae715d,Done,"",#16A34A,done,,b15fcd15-f6eb-4e2f-9208-11810db53813,,7de48fb1-91b4-4d07-9242-856fafe9bc5e,60000,completed,f,f,
c48b1f00-81e8-4c23-ba44-13e56ae190d3,Cancelled,"",#EF4444,cancelled,,b15fcd15-f6eb-4e2f-9208-11810db53813,,7de48fb1-91b4-4d07-9242-856fafe9bc5e,75000,cancelled,f,f,
c9edea9f-b12d-44af-9159-5895db50be74,Backlog,"",#60646C,"",9f28ead0-e9de-4d61-8e25-f5b28b53ee88,dbea236b-e311-407d-921a-0939ec028792,,21102733-6c59-497f-9905-432b4b1edb0b,15000,backlog,t,f,
63ee7e3a-ca91-438c-aabe-0e74fff9a5fb,Todo,"",#60646C,"",9f28ead0-e9de-4d61-8e25-f5b28b53ee88,dbea236b-e311-407d-921a-0939ec028792,,21102733-6c59-497f-9905-432b4b1edb0b,25000,unstarted,f,f,
bbee9e8a-1571-43b7-9d73-2061632aaeba,In Progress,"",#F59E0B,"",9f28ead0-e9de-4d61-8e25-f5b28b53ee88,dbea236b-e311-407d-921a-0939ec028792,,21102733-6c59-497f-9905-432b4b1edb0b,35000,started,f,f,
ba33f9d7-0282-4517-a6e3-5439333f1a5f,Done,"",#46A758,"",9f28ead0-e9de-4d61-8e25-f5b28b53ee88,dbea236b-e311-407d-921a-0939ec028792,,21102733-6c59-497f-9905-432b4b1edb0b,45000,completed,f,f,
5d64cb80-0454-4038-997b-29c50b1fa8af,Cancelled,"",#9AA4BC,"",9f28ead0-e9de-4d61-8e25-f5b28b53ee88,dbea236b-e311-407d-921a-0939ec028792,,21102733-6c59-497f-9905-432b4b1edb0b,55000,cancelled,f,f,
f4f7e459-5cfa-45b3-a071-05f87359631a,Backlog,"",#60646C,"",9f28ead0-e9de-4d61-8e25-f5b28b53ee88,94ce3aba-b831-4d24-8d96-a8381b46d2a3,,39481af8-0004-4ff0-9be3-9e4b27d81187,15000,backlog,t,f,
3994bfba-fb9c-4f0c-a72e-3b77d457c9a1,Todo,"",#60646C,"",9f28ead0-e9de-4d61-8e25-f5b28b53ee88,94ce3aba-b831-4d24-8d96-a8381b46d2a3,,39481af8-0004-4ff0-9be3-9e4b27d81187,25000,unstarted,f,f,
c61d41db-92c0-4bab-96ee-322cb25ae04e,In Progress,"",#F59E0B,"",9f28ead0-e9de-4d61-8e25-f5b28b53ee88,94ce3aba-b831-4d24-8d96-a8381b46d2a3,,39481af8-0004-4ff0-9be3-9e4b27d81187,35000,started,f,f,
8ba26e11-27e5-4396-84ea-fa1f96be062c,Done,"",#46A758,"",9f28ead0-e9de-4d61-8e25-f5b28b53ee88,94ce3aba-b831-4d24-8d96-a8381b46d2a3,,39481af8-0004-4ff0-9be3-9e4b27d81187,45000,completed,f,f,
d0d6ac99-eb29-4ec5-ad20-12ccb26e5305,Cancelled,"",#9AA4BC,"",9f28ead0-e9de-4d61-8e25-f5b28b53ee88,94ce3aba-b831-4d24-8d96-a8381b46d2a3,,39481af8-0004-4ff0-9be3-9e4b27d81187,55000,cancelled,f,f,
517c9ef4-6726-49b8-820c-c004f9c149f5,Backlog,"",#A3A3A3,backlog,,0d987e12-34d1-4b73-b318-c18267db170e,,a4f9f595-3e50-488e-9dbd-4dcc991232d9,15000,backlog,t,f,
81dcc1c8-8c1a-4844-8bd8-d33e0ff4dc95,Todo,"",#3A3A3A,todo,,0d987e12-34d1-4b73-b318-c18267db170e,,a4f9f595-3e50-488e-9dbd-4dcc991232d9,30000,unstarted,f,f,
231d224d-a216-432f-bbdd-89b7955e1503,In Progress,"",#F59E0B,in-progress,,0d987e12-34d1-4b73-b318-c18267db170e,,a4f9f595-3e50-488e-9dbd-4dcc991232d9,45000,started,f,f,
d5d3f89f-b86b-4d5f-a659-4647b9a61c25,Done,"",#16A34A,done,,0d987e12-34d1-4b73-b318-c18267db170e,,a4f9f595-3e50-488e-9dbd-4dcc991232d9,60000,completed,f,f,
09fdc3df-b9c5-4eb1-a599-14fe74488a40,Cancelled,"",#EF4444,cancelled,,0d987e12-34d1-4b73-b318-c18267db170e,,a4f9f595-3e50-488e-9dbd-4dcc991232d9,75000,cancelled,f,f,
1014c80c-01ee-43d8-8107-feeaceadfd81,Backlog,"",#A3A3A3,backlog,,139d139b-cc25-42c8-9b30-2cdd035f0e95,,bb323798-d324-4b5d-aa8e-87d0a0e510ee,15000,backlog,t,f,
e1315058-dacd-409d-8c48-86432e456cde,Todo,"",#3A3A3A,todo,,139d139b-cc25-42c8-9b30-2cdd035f0e95,,bb323798-d324-4b5d-aa8e-87d0a0e510ee,30000,unstarted,f,f,
e3d01d9e-c78a-43f2-a32b-a04c42994135,In Progress,"",#F59E0B,in-progress,,139d139b-cc25-42c8-9b30-2cdd035f0e95,,bb323798-d324-4b5d-aa8e-87d0a0e510ee,45000,started,f,f,
a3430044-f1c1-4362-8abb-eb58a9a3398c,Done,"",#16A34A,done,,139d139b-cc25-42c8-9b30-2cdd035f0e95,,bb323798-d324-4b5d-aa8e-87d0a0e510ee,60000,completed,f,f,
32178aaf-f203-49d3-8656-cf6ac573cfc0,Cancelled,"",#EF4444,cancelled,,139d139b-cc25-42c8-9b30-2cdd035f0e95,,bb323798-d324-4b5d-aa8e-87d0a0e510ee,75000,cancelled,f,f,
5cf56ea7-f3af-4946-b636-d356907d074f,Backlog,"",#A3A3A3,backlog,,4394bbd2-2939-49ee-aab6-bed2bcafbc55,,5a35dcb7-be5f-45f1-a86f-e343176dc443,15000,backlog,t,f,
8fb19912-474c-418e-ba43-668f3f12c360,Todo,"",#3A3A3A,todo,,4394bbd2-2939-49ee-aab6-bed2bcafbc55,,5a35dcb7-be5f-45f1-a86f-e343176dc443,30000,unstarted,f,f,
8b41bdf5-a367-46c2-8f28-e4d4b4287c7d,In Progress,"",#F59E0B,in-progress,,4394bbd2-2939-49ee-aab6-bed2bcafbc55,,5a35dcb7-be5f-45f1-a86f-e343176dc443,45000,started,f,f,
ba4611cd-b893-4067-bab5-39297034c6a9,Done,"",#16A34A,done,,4394bbd2-2939-49ee-aab6-bed2bcafbc55,,5a35dcb7-be5f-45f1-a86f-e343176dc443,60000,completed,f,f,
caf60553-2e4f-4105-9480-b715d0abff02,Cancelled,"",#EF4444,cancelled,,4394bbd2-2939-49ee-aab6-bed2bcafbc55,,5a35dcb7-be5f-45f1-a86f-e343176dc443,75000,cancelled,f,f,
bde0b567-dac3-44d1-90ed-3c0067b16fad,Backlog,"",#60646C,"",aba625cb-bcea-41c9-b147-f76b9ca26253,70dd314b-23d3-4d3a-b00f-47c5f59d8bad,,39481af8-0004-4ff0-9be3-9e4b27d81187,15000,backlog,t,f,
de481023-2361-4643-84b4-9be8b2ab5314,Todo,"",#60646C,"",aba625cb-bcea-41c9-b147-f76b9ca26253,70dd314b-23d3-4d3a-b00f-47c5f59d8bad,,39481af8-0004-4ff0-9be3-9e4b27d81187,25000,unstarted,f,f,
fffe2204-2f38-44e5-a6c3-fb2c9820b4ea,In Progress,"",#F59E0B,"",aba625cb-bcea-41c9-b147-f76b9ca26253,70dd314b-23d3-4d3a-b00f-47c5f59d8bad,,39481af8-0004-4ff0-9be3-9e4b27d81187,35000,started,f,f,
c9e40654-99ba-4a61-b36e-0ec39ec85643,Done,"",#46A758,"",aba625cb-bcea-41c9-b147-f76b9ca26253,70dd314b-23d3-4d3a-b00f-47c5f59d8bad,,39481af8-0004-4ff0-9be3-9e4b27d81187,45000,completed,f,f,
261eb1e9-6f63-4809-940a-b5b21502a416,Cancelled,"",#9AA4BC,"",aba625cb-bcea-41c9-b147-f76b9ca26253,70dd314b-23d3-4d3a-b00f-47c5f59d8bad,,39481af8-0004-4ff0-9be3-9e4b27d81187,55000,cancelled,f,f,
bc8447ea-a05b-4687-955a-97c9e8d51e29,Backlog,"",#A3A3A3,backlog,,49c757e3-ff09-4734-80e1-ce939e9d0bf0,,800acfad-11a1-44c6-824c-22f1adde5893,15000,backlog,t,f,
3f04cd12-b702-4252-9ae3-5592c1d244a1,Todo,"",#3A3A3A,todo,,49c757e3-ff09-4734-80e1-ce939e9d0bf0,,800acfad-11a1-44c6-824c-22f1adde5893,30000,unstarted,f,f,
65e6ed86-4e4a-4937-9426-c9f1bdaf3782,In Progress,"",#F59E0B,in-progress,,49c757e3-ff09-4734-80e1-ce939e9d0bf0,,800acfad-11a1-44c6-824c-22f1adde5893,45000,started,f,f,
6e0b7369-c0a1-426e-bec2-83c4e6981fd0,Done,"",#16A34A,done,,49c757e3-ff09-4734-80e1-ce939e9d0bf0,,800acfad-11a1-44c6-824c-22f1adde5893,60000,completed,f,f,
26abafd2-d75e-4b1f-a640-72837bc44914,Cancelled,"",#EF4444,cancelled,,49c757e3-ff09-4734-80e1-ce939e9d0bf0,,800acfad-11a1-44c6-824c-22f1adde5893,75000,cancelled,f,f,
fc120bc2-4996-41a8-bd84-1e95708f228a,Backlog,"",#60646C,"",63f8e475-e8df-4a5b-b8d9-0acec4ce7a56,80a8037f-fabb-498d-a9ab-86655271621f,,39481af8-0004-4ff0-9be3-9e4b27d81187,15000,backlog,t,f,
39fb4db8-51aa-4c8e-8a7b-20c05eedb5ed,Todo,"",#60646C,"",63f8e475-e8df-4a5b-b8d9-0acec4ce7a56,80a8037f-fabb-498d-a9ab-86655271621f,,39481af8-0004-4ff0-9be3-9e4b27d81187,25000,unstarted,f,f,
46195b46-37d0-4857-9419-d3c758e9dc68,In Progress,"",#F59E0B,"",63f8e475-e8df-4a5b-b8d9-0acec4ce7a56,80a8037f-fabb-498d-a9ab-86655271621f,,39481af8-0004-4ff0-9be3-9e4b27d81187,35000,started,f,f,
b625d5b0-f260-4a58-9dc6-05c8f215036c,Done,"",#46A758,"",63f8e475-e8df-4a5b-b8d9-0acec4ce7a56,80a8037f-fabb-498d-a9ab-86655271621f,,39481af8-0004-4ff0-9be3-9e4b27d81187,45000,completed,f,f,
4a9fd123-0d8c-4b4e-9849-1f77f4000f8a,Cancelled,"",#9AA4BC,"",63f8e475-e8df-4a5b-b8d9-0acec4ce7a56,80a8037f-fabb-498d-a9ab-86655271621f,,39481af8-0004-4ff0-9be3-9e4b27d81187,55000,cancelled,f,f,
12dad674-6806-4443-9e89-f9421960dc6c,Backlog,"",#60646C,"",9f28ead0-e9de-4d61-8e25-f5b28b53ee88,f04d52ea-32cb-44fa-871a-5143aee3219e,,39481af8-0004-4ff0-9be3-9e4b27d81187,15000,backlog,t,f,
e018ab1a-eb32-4ced-a3d5-36e1bbf9fae1,Todo,"",#60646C,"",9f28ead0-e9de-4d61-8e25-f5b28b53ee88,f04d52ea-32cb-44fa-871a-5143aee3219e,,39481af8-0004-4ff0-9be3-9e4b27d81187,25000,unstarted,f,f,
90220477-e1c5-4192-838f-c0e8bd963215,In Progress,"",#F59E0B,"",9f28ead0-e9de-4d61-8e25-f5b28b53ee88,f04d52ea-32cb-44fa-871a-5143aee3219e,,39481af8-0004-4ff0-9be3-9e4b27d81187,35000,started,f,f,
fe27b850-6bdd-40af-be6c-4f0bb76baeec,Done,"",#46A758,"",9f28ead0-e9de-4d61-8e25-f5b28b53ee88,f04d52ea-32cb-44fa-871a-5143aee3219e,,39481af8-0004-4ff0-9be3-9e4b27d81187,45000,completed,f,f,
e1aa9464-6f64-4851-b588-7030ce0ec718,Cancelled,"",#9AA4BC,"",9f28ead0-e9de-4d61-8e25-f5b28b53ee88,f04d52ea-32cb-44fa-871a-5143aee3219e,,39481af8-0004-4ff0-9be3-9e4b27d81187,55000,cancelled,f,f,
8d0c4efe-86cd-44b8-908c-a9d14d44580d,Backlog,"",#A3A3A3,backlog,,66c103f1-cbec-4337-b2b8-72e5c9271661,,9c948c49-4f74-4eb1-9a88-86f9d2833be1,15000,backlog,t,f,
881d589e-308b-48f8-aea9-faf1ccc04ccf,Todo,"",#3A3A3A,todo,,66c103f1-cbec-4337-b2b8-72e5c9271661,,9c948c49-4f74-4eb1-9a88-86f9d2833be1,30000,unstarted,f,f,
82051521-7db4-4e32-b388-33e74b8aa803,In Progress,"",#F59E0B,in-progress,,66c103f1-cbec-4337-b2b8-72e5c9271661,,9c948c49-4f74-4eb1-9a88-86f9d2833be1,45000,started,f,f,
630ae3e6-084a-4304-8263-9315840996f8,Done,"",#16A34A,done,,66c103f1-cbec-4337-b2b8-72e5c9271661,,9c948c49-4f74-4eb1-9a88-86f9d2833be1,60000,completed,f,f,
333ef1fa-e90b-4d03-b828-87cfc26ee05f,Cancelled,"",#EF4444,cancelled,,66c103f1-cbec-4337-b2b8-72e5c9271661,,9c948c49-4f74-4eb1-9a88-86f9d2833be1,75000,cancelled,f,f,
67f1896b-917b-4c2d-b588-350ed697520e,Backlog,"",#A3A3A3,backlog,,f3d56968-6089-43a5-95c9-c77ae7c9ab22,,24ae4588-d944-4a5a-b97e-83ac4bc113a6,15000,backlog,t,f,
dbeb32bc-c5e7-4ef8-bd2c-1bcbbf4faf19,Todo,"",#3A3A3A,todo,,f3d56968-6089-43a5-95c9-c77ae7c9ab22,,24ae4588-d944-4a5a-b97e-83ac4bc113a6,30000,unstarted,f,f,
e49207fa-83fa-4f10-9ced-15eaf80668ab,In Progress,"",#F59E0B,in-progress,,f3d56968-6089-43a5-95c9-c77ae7c9ab22,,24ae4588-d944-4a5a-b97e-83ac4bc113a6,45000,started,f,f,
4890b78d-c361-44b4-bb53-2754659c4866,Done,"",#16A34A,done,,f3d56968-6089-43a5-95c9-c77ae7c9ab22,,24ae4588-d944-4a5a-b97e-83ac4bc113a6,60000,completed,f,f,
e76e1199-8364-4be0-9496-8f1848762868,Cancelled,"",#EF4444,cancelled,,f3d56968-6089-43a5-95c9-c77ae7c9ab22,,24ae4588-d944-4a5a-b97e-83ac4bc113a6,75000,cancelled,f,f,
5b79cf46-c018-4849-ade0-24006b44318e,Backlog,"",#60646C,"",63f8e475-e8df-4a5b-b8d9-0acec4ce7a56,dcf83c43-89c0-4603-b9f7-e2c44b0f7830,,39481af8-0004-4ff0-9be3-9e4b27d81187,15000,backlog,t,f,
7d0a1951-536f-40ff-b924-35750b093bd1,Todo,"",#60646C,"",63f8e475-e8df-4a5b-b8d9-0acec4ce7a56,dcf83c43-89c0-4603-b9f7-e2c44b0f7830,,39481af8-0004-4ff0-9be3-9e4b27d81187,25000,unstarted,f,f,
fbb8f020-c86d-49f2-90ae-5a3c9784912b,In Progress,"",#F59E0B,"",63f8e475-e8df-4a5b-b8d9-0acec4ce7a56,dcf83c43-89c0-4603-b9f7-e2c44b0f7830,,39481af8-0004-4ff0-9be3-9e4b27d81187,35000,started,f,f,
69d4b152-f0a9-4607-b3ea-43091650fe18,Done,"",#46A758,"",63f8e475-e8df-4a5b-b8d9-0acec4ce7a56,dcf83c43-89c0-4603-b9f7-e2c44b0f7830,,39481af8-0004-4ff0-9be3-9e4b27d81187,45000,completed,f,f,
7966f203-1eb8-405d-be31-24fb6fe05cbc,Cancelled,"",#9AA4BC,"",63f8e475-e8df-4a5b-b8d9-0acec4ce7a56,dcf83c43-89c0-4603-b9f7-e2c44b0f7830,,39481af8-0004-4ff0-9be3-9e4b27d81187,55000,cancelled,f,f,
a6242387-dff6-4c23-93ed-80f617b1f536,Backlog,"",#A3A3A3,backlog,,0677ddd8-d046-47fe-a8b3-bbc3502e5007,,510b46ec-73ba-40ea-8d10-0a3e36ba6d3b,15000,backlog,t,f,
a3ba71be-ce5b-410c-a0ea-032fd00ca656,Todo,"",#3A3A3A,todo,,0677ddd8-d046-47fe-a8b3-bbc3502e5007,,510b46ec-73ba-40ea-8d10-0a3e36ba6d3b,30000,unstarted,f,f,
4aacbde9-3363-41c1-a851-b2d57b250e8b,In Progress,"",#F59E0B,in-progress,,0677ddd8-d046-47fe-a8b3-bbc3502e5007,,510b46ec-73ba-40ea-8d10-0a3e36ba6d3b,45000,started,f,f,
29639918-fbfb-47e4-bf47-bd462c44cc48,Done,"",#16A34A,done,,0677ddd8-d046-47fe-a8b3-bbc3502e5007,,510b46ec-73ba-40ea-8d10-0a3e36ba6d3b,60000,completed,f,f,
90165ca2-4733-44b5-a80a-04b86008eb84,Cancelled,"",#EF4444,cancelled,,0677ddd8-d046-47fe-a8b3-bbc3502e5007,,510b46ec-73ba-40ea-8d10-0a3e36ba6d3b,75000,cancelled,f,f,
1ad55bd1-cca6-45be-93b9-40b95cab211b,Triage,"",#4E5355,"",,0677ddd8-d046-47fe-a8b3-bbc3502e5007,,510b46ec-73ba-40ea-8d10-0a3e36ba6d3b,65000,triage,f,f,
58aecb8f-3d05-4ddd-a8c1-2b3feae1e02f,Triage,"",#4E5355,"",,dcf83c43-89c0-4603-b9f7-e2c44b0f7830,,39481af8-0004-4ff0-9be3-9e4b27d81187,65000,triage,f,f,
be44a014-0575-4561-97cf-c099d979034f,Triage,"",#4E5355,"",,f3d56968-6089-43a5-95c9-c77ae7c9ab22,,24ae4588-d944-4a5a-b97e-83ac4bc113a6,65000,triage,f,f,
089fe8dc-4334-4af1-ba6e-c1d99deb0c7e,Triage,"",#4E5355,"",,66c103f1-cbec-4337-b2b8-72e5c9271661,,9c948c49-4f74-4eb1-9a88-86f9d2833be1,65000,triage,f,f,
e755a696-17f9-4d35-9d5c-d748d8ba1642,Triage,"",#4E5355,"",,f04d52ea-32cb-44fa-871a-5143aee3219e,,39481af8-0004-4ff0-9be3-9e4b27d81187,65000,triage,f,f,
b9701b80-b5f5-4fed-967b-efde94d0358a,Triage,"",#4E5355,"",,80a8037f-fabb-498d-a9ab-86655271621f,,39481af8-0004-4ff0-9be3-9e4b27d81187,65000,triage,f,f,
7a908b15-764c-4ae3-84a0-595d66196418,Triage,"",#4E5355,"",,49c757e3-ff09-4734-80e1-ce939e9d0bf0,,800acfad-11a1-44c6-824c-22f1adde5893,65000,triage,f,f,
0de6e5ea-efc7-41ad-aa97-71db9d0efb87,Triage,"",#4E5355,"",,70dd314b-23d3-4d3a-b00f-47c5f59d8bad,,39481af8-0004-4ff0-9be3-9e4b27d81187,65000,triage,f,f,
445ff3ae-b973-4f69-91f7-f1af9a7c96dc,Triage,"",#4E5355,"",,4394bbd2-2939-49ee-aab6-bed2bcafbc55,,5a35dcb7-be5f-45f1-a86f-e343176dc443,65000,triage,f,f,
294033e5-163d-4fbd-8ef2-205a27606037,Triage,"",#4E5355,"",,139d139b-cc25-42c8-9b30-2cdd035f0e95,,bb323798-d324-4b5d-aa8e-87d0a0e510ee,65000,triage,f,f,
edb1e996-9589-423a-8dd7-c359c1d0377c,Triage,"",#4E5355,"",,0d987e12-34d1-4b73-b318-c18267db170e,,a4f9f595-3e50-488e-9dbd-4dcc991232d9,65000,triage,f,f,
00ab8e69-c822-4753-b4dc-97f902f39bcd,Triage,"",#4E5355,"",,94ce3aba-b831-4d24-8d96-a8381b46d2a3,,39481af8-0004-4ff0-9be3-9e4b27d81187,65000,triage,f,f,
6f6c5b64-874c-417d-ba46-4e2efad6b936,Triage,"",#4E5355,"",,dbea236b-e311-407d-921a-0939ec028792,,21102733-6c59-497f-9905-432b4b1edb0b,65000,triage,f,f,
14eb2702-4e11-40d5-8ab2-8a6cd0efa9cf,Triage,"",#4E5355,"",,b15fcd15-f6eb-4e2f-9208-11810db53813,,7de48fb1-91b4-4d07-9242-856fafe9bc5e,65000,triage,f,f,
cf2d9c18-952f-4208-87d6-b44a0df58169,Triage,"",#4E5355,"",,72f8b9f8-81e6-4109-ab54-651c4886703b,,21102733-6c59-497f-9905-432b4b1edb0b,65000,triage,f,f,
101ce18b-3b20-4213-a85a-814399045076,Triage,"",#4E5355,"",,2ec38bb9-dd62-4645-9887-c647f7cf0ec9,,39481af8-0004-4ff0-9be3-9e4b27d81187,65000,triage,f,f,
84cbf36a-2628-4fc8-a212-968ba7573c11,Triage,"",#4E5355,"",,dc89c648-184f-479a-ae89-52ede51c8340,,e9284c06-7caa-4081-9497-a3ed07c721d4,65000,triage,f,f,
f120fd94-b909-4326-b65b-01879fd10117,Triage,"",#4E5355,"",,93435240-9f59-465c-81f9-c33de18d8cfa,,39481af8-0004-4ff0-9be3-9e4b27d81187,65000,triage,f,f,
2329e1c2-b1c0-4b3d-8b78-99650d1bfa87,Backlog,"",#A3A3A3,backlog,,323d8df4-ac3d-4580-8f72-605d8386a664,,fa30fae5-e070-44a0-88bf-b1e2aee7e9ab,15000,backlog,t,f,
ac7c9d07-0777-4ba7-9d1d-233540cd1c83,Todo,"",#3A3A3A,todo,,323d8df4-ac3d-4580-8f72-605d8386a664,,fa30fae5-e070-44a0-88bf-b1e2aee7e9ab,30000,unstarted,f,f,
70f4f80d-fc65-4e74-a68d-a3efbac7a364,In Progress,"",#F59E0B,in-progress,,323d8df4-ac3d-4580-8f72-605d8386a664,,fa30fae5-e070-44a0-88bf-b1e2aee7e9ab,45000,started,f,f,
1e6f7a05-2565-4f91-b26d-961facbf7c96,Done,"",#16A34A,done,,323d8df4-ac3d-4580-8f72-605d8386a664,,fa30fae5-e070-44a0-88bf-b1e2aee7e9ab,60000,completed,f,f,
82d77ea8-aac0-44fb-a5be-df8f7b44fa9b,Cancelled,"",#EF4444,cancelled,,323d8df4-ac3d-4580-8f72-605d8386a664,,fa30fae5-e070-44a0-88bf-b1e2aee7e9ab,75000,cancelled,f,f,
7a746c20-2879-4038-868e-a6a096076c3b,Backlog,"",#A3A3A3,backlog,,3754daf0-8ac4-43e5-b84b-686b4041ece9,,5abbb1c1-a9ee-435c-9d33-6d75125d85d4,15000,backlog,t,f,
5bef1015-d259-4db4-8342-78057a39ed9e,Todo,"",#3A3A3A,todo,,3754daf0-8ac4-43e5-b84b-686b4041ece9,,5abbb1c1-a9ee-435c-9d33-6d75125d85d4,30000,unstarted,f,f,
6d589a18-19e1-4d14-9b54-b2bb8cd6bf41,In Progress,"",#F59E0B,in-progress,,3754daf0-8ac4-43e5-b84b-686b4041ece9,,5abbb1c1-a9ee-435c-9d33-6d75125d85d4,45000,started,f,f,
de107ba1-97fc-4919-9b30-b04ec4bc32a1,Done,"",#16A34A,done,,3754daf0-8ac4-43e5-b84b-686b4041ece9,,5abbb1c1-a9ee-435c-9d33-6d75125d85d4,60000,completed,f,f,
10c4b932-cc47-47cd-8641-9d6c47792c94,Cancelled,"",#EF4444,cancelled,,3754daf0-8ac4-43e5-b84b-686b4041ece9,,5abbb1c1-a9ee-435c-9d33-6d75125d85d4,75000,cancelled,f,f,
4b04199e-36e1-4926-a661-c21d6c3d8e1f,Backlog,"",#A3A3A3,backlog,,fe31adda-b6ac-419b-a827-09b2fffedb79,,2eba5209-bc34-4edf-9e83-9b61885c1558,15000,backlog,t,f,
b1d09e61-8291-485e-950f-964abdaab0f7,Todo,"",#3A3A3A,todo,,fe31adda-b6ac-419b-a827-09b2fffedb79,,2eba5209-bc34-4edf-9e83-9b61885c1558,30000,unstarted,f,f,
93946c39-97b8-4062-9543-1a05755db206,In Progress,"",#F59E0B,in-progress,,fe31adda-b6ac-419b-a827-09b2fffedb79,,2eba5209-bc34-4edf-9e83-9b61885c1558,45000,started,f,f,
5c6a2268-48be-41ae-955b-a11df440b088,Done,"",#16A34A,done,,fe31adda-b6ac-419b-a827-09b2fffedb79,,2eba5209-bc34-4edf-9e83-9b61885c1558,60000,completed,f,f,
cf39b27c-3f30-4d60-93b6-7bb28e5ab403,Cancelled,"",#EF4444,cancelled,,fe31adda-b6ac-419b-a827-09b2fffedb79,,2eba5209-bc34-4edf-9e83-9b61885c1558,75000,cancelled,f,f,
ef9ff449-51a4-4698-b237-ef3650471a60,Backlog,"",#A3A3A3,backlog,,41dff040-a83a-4ab5-aa7f-f94f21117038,,589252ad-2801-47b7-a365-a9c984c054bb,15000,backlog,t,f,
b9deb1db-0a9e-4827-90ad-d769c0893454,Todo,"",#3A3A3A,todo,,41dff040-a83a-4ab5-aa7f-f94f21117038,,589252ad-2801-47b7-a365-a9c984c054bb,30000,unstarted,f,f,
d39c273f-5953-485c-922d-36f607bf8c5c,In Progress,"",#F59E0B,in-progress,,41dff040-a83a-4ab5-aa7f-f94f21117038,,589252ad-2801-47b7-a365-a9c984c054bb,45000,started,f,f,
1532d40c-5fc7-4ba9-960f-5154c91ea396,Done,"",#16A34A,done,,41dff040-a83a-4ab5-aa7f-f94f21117038,,589252ad-2801-47b7-a365-a9c984c054bb,60000,completed,f,f,
447ccc9f-4173-4d59-89d5-53209ac1cab1,Cancelled,"",#EF4444,cancelled,,41dff040-a83a-4ab5-aa7f-f94f21117038,,589252ad-2801-47b7-a365-a9c984c054bb,75000,cancelled,f,f,
85f8bb3d-b7f7-4e31-be14-d6671de703b8,Backlog,"",#60646C,"",fd60c98b-2a47-4cca-a21f-95256bda6232,2fbb4265-a92b-404e-8385-cb6c9bad98d3,,589252ad-2801-47b7-a365-a9c984c054bb,15000,backlog,t,f,
5466f16e-71cd-4a4b-8d35-fe37904fe7fa,Todo,"",#60646C,"",fd60c98b-2a47-4cca-a21f-95256bda6232,2fbb4265-a92b-404e-8385-cb6c9bad98d3,,589252ad-2801-47b7-a365-a9c984c054bb,25000,unstarted,f,f,
77cf4048-f40a-45ee-9b68-710e2d3bd71f,In Progress,"",#F59E0B,"",fd60c98b-2a47-4cca-a21f-95256bda6232,2fbb4265-a92b-404e-8385-cb6c9bad98d3,,589252ad-2801-47b7-a365-a9c984c054bb,35000,started,f,f,
cce12b9d-e0a1-432d-8f26-615d6be105a9,Done,"",#46A758,"",fd60c98b-2a47-4cca-a21f-95256bda6232,2fbb4265-a92b-404e-8385-cb6c9bad98d3,,589252ad-2801-47b7-a365-a9c984c054bb,45000,completed,f,f,
4f349b51-9f5a-48ac-9e2a-b00c38b4c1f5,Cancelled,"",#9AA4BC,"",fd60c98b-2a47-4cca-a21f-95256bda6232,2fbb4265-a92b-404e-8385-cb6c9bad98d3,,589252ad-2801-47b7-a365-a9c984c054bb,55000,cancelled,f,f,
bab15e44-07fa-4011-ab0f-f1064258b55f,Triage,"",#4E5355,"",fd60c98b-2a47-4cca-a21f-95256bda6232,2fbb4265-a92b-404e-8385-cb6c9bad98d3,,589252ad-2801-47b7-a365-a9c984c054bb,65000,triage,f,f,
ec2a3474-1996-4c6f-93b6-428e42793a33,Backlog,"",#60646C,"",fd60c98b-2a47-4cca-a21f-95256bda6232,eec4e7f6-fc89-4fcb-a29b-bec4894848be,,589252ad-2801-47b7-a365-a9c984c054bb,15000,backlog,t,f,
a56c0d3a-e498-4e8a-a99c-9e7972460627,Todo,"",#60646C,"",fd60c98b-2a47-4cca-a21f-95256bda6232,eec4e7f6-fc89-4fcb-a29b-bec4894848be,,589252ad-2801-47b7-a365-a9c984c054bb,25000,unstarted,f,f,
363072b8-7133-4c30-8d27-781c87c162bb,In Progress,"",#F59E0B,"",fd60c98b-2a47-4cca-a21f-95256bda6232,eec4e7f6-fc89-4fcb-a29b-bec4894848be,,589252ad-2801-47b7-a365-a9c984c054bb,35000,started,f,f,
ec5a1c16-7662-4728-afac-1e37dea2a074,Done,"",#46A758,"",fd60c98b-2a47-4cca-a21f-95256bda6232,eec4e7f6-fc89-4fcb-a29b-bec4894848be,,589252ad-2801-47b7-a365-a9c984c054bb,45000,completed,f,f,
a1e101a5-6779-4006-a2ea-67eb051be318,Cancelled,"",#9AA4BC,"",fd60c98b-2a47-4cca-a21f-95256bda6232,eec4e7f6-fc89-4fcb-a29b-bec4894848be,,589252ad-2801-47b7-a365-a9c984c054bb,55000,cancelled,f,f,
2779764c-5e7e-407e-9bea-611f49d43e11,Triage,"",#4E5355,"",fd60c98b-2a47-4cca-a21f-95256bda6232,eec4e7f6-fc89-4fcb-a29b-bec4894848be,,589252ad-2801-47b7-a365-a9c984c054bb,65000,triage,f,f,
30144856-a1ca-46f1-a75c-c5afc9640621,Todo,"",#60646C,todo,,d68eeccc-c271-4800-bab3-328f391c5601,,39481af8-0004-4ff0-9be3-9e4b27d81187,25000,unstarted,f,f,2026-06-23 11:09:19.676573+07
f3c70a9d-ea09-4db4-a41d-717446ae5b5f,In Progress,"",#F59E0B,in-progress,,d68eeccc-c271-4800-bab3-328f391c5601,,39481af8-0004-4ff0-9be3-9e4b27d81187,35000,started,f,f,2026-06-23 11:09:19.743777+07
894c1512-b5de-477f-9a08-5f4befa83e61,Cancelled,"",#9AA4BC,cancelled,,d68eeccc-c271-4800-bab3-328f391c5601,,39481af8-0004-4ff0-9be3-9e4b27d81187,55000,cancelled,f,f,2026-06-23 11:09:20.705407+07
e88168c1-af55-4a8f-965a-b6d061983a63,Triage,"",#4E5355,"",fd60c98b-2a47-4cca-a21f-95256bda6232,d68eeccc-c271-4800-bab3-328f391c5601,,39481af8-0004-4ff0-9be3-9e4b27d81187,65000,triage,f,f,
968848b7-b518-4d88-be1c-6f767cd7e349,Triage,"",#4E5355,"",fd60c98b-2a47-4cca-a21f-95256bda6232,f4ef4fd9-3308-4c46-a9dd-32a81179af58,,39481af8-0004-4ff0-9be3-9e4b27d81187,65000,triage,f,f,
7af6a950-d7e8-4fab-92c7-4b0bb9ba2c23,Backlog,"",#60646C,backlog,,f4ef4fd9-3308-4c46-a9dd-32a81179af58,,39481af8-0004-4ff0-9be3-9e4b27d81187,15000,backlog,t,f,2026-06-23 11:08:59.771035+07
cfd2a5ad-8476-47c3-a0d4-55a3979fbe41,Todo,"",#60646C,todo,,f4ef4fd9-3308-4c46-a9dd-32a81179af58,,39481af8-0004-4ff0-9be3-9e4b27d81187,25000,unstarted,f,f,2026-06-23 11:08:59.842755+07
848a5c18-0b28-4e3c-a44f-6740deb5025e,In Progress,"",#F59E0B,in-progress,,f4ef4fd9-3308-4c46-a9dd-32a81179af58,,39481af8-0004-4ff0-9be3-9e4b27d81187,35000,started,f,f,2026-06-23 11:08:59.909447+07
ae4c59ee-4f58-49b9-a720-e63a18f0fad8,Done,"",#46A758,done,,f4ef4fd9-3308-4c46-a9dd-32a81179af58,,39481af8-0004-4ff0-9be3-9e4b27d81187,45000,completed,f,f,2026-06-23 11:08:59.975144+07
fd4f830a-99aa-4931-9c02-e4a27c5d020f,Cancelled,"",#9AA4BC,cancelled,,f4ef4fd9-3308-4c46-a9dd-32a81179af58,,39481af8-0004-4ff0-9be3-9e4b27d81187,55000,cancelled,f,f,2026-06-23 11:09:00.572803+07
60f313d6-8653-4854-b0e3-084e12c6c13a,Backlog,"",#60646C,backlog,,d68eeccc-c271-4800-bab3-328f391c5601,,39481af8-0004-4ff0-9be3-9e4b27d81187,15000,backlog,t,f,2026-06-23 11:09:19.591914+07
cfc8b034-6cca-43dc-b5c4-77ae496d30f4,Done,"",#46A758,done,,d68eeccc-c271-4800-bab3-328f391c5601,,39481af8-0004-4ff0-9be3-9e4b27d81187,45000,completed,f,f,2026-06-23 11:09:19.807706+07
39c14172-4485-49d6-b60b-6e026f1961b8,Backlog,"",#60646C,"",fd60c98b-2a47-4cca-a21f-95256bda6232,edeb25d8-7f54-4cf5-b4c2-7e32bfaf4994,,589252ad-2801-47b7-a365-a9c984c054bb,15000,backlog,t,f,
c6a346d4-8bda-4d52-9236-b34dcc523cab,Todo,"",#60646C,"",fd60c98b-2a47-4cca-a21f-95256bda6232,edeb25d8-7f54-4cf5-b4c2-7e32bfaf4994,,589252ad-2801-47b7-a365-a9c984c054bb,25000,unstarted,f,f,
554dc041-bde4-4ce9-ac80-f3f5fff38a21,In Progress,"",#F59E0B,"",fd60c98b-2a47-4cca-a21f-95256bda6232,edeb25d8-7f54-4cf5-b4c2-7e32bfaf4994,,589252ad-2801-47b7-a365-a9c984c054bb,35000,started,f,f,
ea40b342-3e5a-45e4-b758-888ccd8fc0ee,Done,"",#46A758,"",fd60c98b-2a47-4cca-a21f-95256bda6232,edeb25d8-7f54-4cf5-b4c2-7e32bfaf4994,,589252ad-2801-47b7-a365-a9c984c054bb,45000,completed,f,f,
d0d78656-2802-4bfe-ac7b-bf644d451748,Cancelled,"",#9AA4BC,"",fd60c98b-2a47-4cca-a21f-95256bda6232,edeb25d8-7f54-4cf5-b4c2-7e32bfaf4994,,589252ad-2801-47b7-a365-a9c984c054bb,55000,cancelled,f,f,
0c9001b7-7312-446e-ae68-96fa5004098f,Triage,"",#4E5355,"",fd60c98b-2a47-4cca-a21f-95256bda6232,edeb25d8-7f54-4cf5-b4c2-7e32bfaf4994,,589252ad-2801-47b7-a365-a9c984c054bb,65000,triage,f,f,
443d419a-deca-4190-9249-6178eacda5bd,Triage,"",#4E5355,"",fd60c98b-2a47-4cca-a21f-95256bda6232,e2dd951e-6d7b-49d8-9a31-77db63ff4e22,,39481af8-0004-4ff0-9be3-9e4b27d81187,65000,triage,f,f,
5f17419b-5400-468c-a543-01caf7b835de,Triage,"",#4E5355,"",3a439bd2-0b23-4351-bd94-faf9d4012c92,76c0d152-7882-45b9-acce-8cdc8a9c181c,,39481af8-0004-4ff0-9be3-9e4b27d81187,65000,triage,f,f,
e4472b6b-4f69-4f31-aaa0-3af4978f2140,Backlog,"",#60646C,backlog,,76c0d152-7882-45b9-acce-8cdc8a9c181c,,39481af8-0004-4ff0-9be3-9e4b27d81187,15000,backlog,t,f,2026-07-09 10:32:56.52598+07
87539244-1b04-4705-8f17-f121d7b660ab,Todo,"",#60646C,todo,,76c0d152-7882-45b9-acce-8cdc8a9c181c,,39481af8-0004-4ff0-9be3-9e4b27d81187,25000,unstarted,f,f,2026-07-09 10:32:56.586304+07
349ee6bd-a5e4-4d7b-841f-175ce6943f11,In Progress,"",#F59E0B,in-progress,,76c0d152-7882-45b9-acce-8cdc8a9c181c,,39481af8-0004-4ff0-9be3-9e4b27d81187,35000,started,f,f,2026-07-09 10:32:56.642885+07
abbb537e-53ac-4c47-817d-da25c924909f,Done,"",#46A758,done,,76c0d152-7882-45b9-acce-8cdc8a9c181c,,39481af8-0004-4ff0-9be3-9e4b27d81187,45000,completed,f,f,2026-07-09 10:32:56.709513+07
dd48d5d8-a7bd-4d12-827a-dcc17fa4daf9,Cancelled,"",#9AA4BC,cancelled,,76c0d152-7882-45b9-acce-8cdc8a9c181c,,39481af8-0004-4ff0-9be3-9e4b27d81187,55000,cancelled,f,f,2026-07-09 10:32:56.766218+07
b0b0d94a-85ad-4973-a1fa-edbabd49b025,Backlog,"",#60646C,"",c1b3dd42-6b5f-4806-8cdc-9d16768fe865,8811e900-ab3a-483b-a6ed-bc9f8d4038b9,,39481af8-0004-4ff0-9be3-9e4b27d81187,15000,backlog,t,f,
6719a2f0-4ad0-49d9-aa4a-bda51e9cc750,Todo,"",#60646C,"",c1b3dd42-6b5f-4806-8cdc-9d16768fe865,8811e900-ab3a-483b-a6ed-bc9f8d4038b9,,39481af8-0004-4ff0-9be3-9e4b27d81187,25000,unstarted,f,f,
c9d0fa40-8754-42a0-a9e6-277a6a8ca55e,In Progress,"",#F59E0B,"",c1b3dd42-6b5f-4806-8cdc-9d16768fe865,8811e900-ab3a-483b-a6ed-bc9f8d4038b9,,39481af8-0004-4ff0-9be3-9e4b27d81187,35000,started,f,f,
71ddc9b8-8e78-44ab-a539-164f6c9cd382,Done,"",#46A758,"",c1b3dd42-6b5f-4806-8cdc-9d16768fe865,8811e900-ab3a-483b-a6ed-bc9f8d4038b9,,39481af8-0004-4ff0-9be3-9e4b27d81187,45000,completed,f,f,
54b90986-56f1-4e85-9ee4-7420c39627eb,Cancelled,"",#9AA4BC,"",c1b3dd42-6b5f-4806-8cdc-9d16768fe865,8811e900-ab3a-483b-a6ed-bc9f8d4038b9,,39481af8-0004-4ff0-9be3-9e4b27d81187,55000,cancelled,f,f,
4952acfb-eca7-479a-b1cc-22a5f4523e9d,Triage,"",#4E5355,"",c1b3dd42-6b5f-4806-8cdc-9d16768fe865,8811e900-ab3a-483b-a6ed-bc9f8d4038b9,,39481af8-0004-4ff0-9be3-9e4b27d81187,65000,triage,f,f,
d4006f49-89aa-48ba-b8d2-05f525675105,Backlog,"",#60646C,"",c1b3dd42-6b5f-4806-8cdc-9d16768fe865,8f53c8a5-d8aa-46d3-a6b9-6a94bc10da02,,39481af8-0004-4ff0-9be3-9e4b27d81187,15000,backlog,t,f,
69325d0e-00b9-4911-871e-55e9b19b0f1b,Todo,"",#60646C,"",c1b3dd42-6b5f-4806-8cdc-9d16768fe865,8f53c8a5-d8aa-46d3-a6b9-6a94bc10da02,,39481af8-0004-4ff0-9be3-9e4b27d81187,25000,unstarted,f,f,
f9ba689e-5231-4969-be8b-9fc06696e869,In Progress,"",#F59E0B,"",c1b3dd42-6b5f-4806-8cdc-9d16768fe865,8f53c8a5-d8aa-46d3-a6b9-6a94bc10da02,,39481af8-0004-4ff0-9be3-9e4b27d81187,35000,started,f,f,
99d7be7e-d49f-4429-9524-e462fbdcd5b3,Done,"",#46A758,"",c1b3dd42-6b5f-4806-8cdc-9d16768fe865,8f53c8a5-d8aa-46d3-a6b9-6a94bc10da02,,39481af8-0004-4ff0-9be3-9e4b27d81187,45000,completed,f,f,
b62b73d7-1829-4b78-b7e9-fb9238b25d2a,Cancelled,"",#9AA4BC,"",c1b3dd42-6b5f-4806-8cdc-9d16768fe865,8f53c8a5-d8aa-46d3-a6b9-6a94bc10da02,,39481af8-0004-4ff0-9be3-9e4b27d81187,55000,cancelled,f,f,
0ca2d0ad-03e6-4a9c-9d22-a4ba09ee2fb2,Triage,"",#4E5355,"",c1b3dd42-6b5f-4806-8cdc-9d16768fe865,8f53c8a5-d8aa-46d3-a6b9-6a94bc10da02,,39481af8-0004-4ff0-9be3-9e4b27d81187,65000,triage,f,f,
96178b25-0567-4cc5-b587-f2a70936224d,Backlog,"",#60646C,"",67f7a8ff-35d2-4ab2-9500-4391fb23a979,bb45d548-464a-4c1e-a779-abaad08caf22,,39481af8-0004-4ff0-9be3-9e4b27d81187,15000,backlog,t,f,
c6dc790f-8bf9-4599-917f-db3783935be0,Todo,"",#60646C,"",67f7a8ff-35d2-4ab2-9500-4391fb23a979,bb45d548-464a-4c1e-a779-abaad08caf22,,39481af8-0004-4ff0-9be3-9e4b27d81187,25000,unstarted,f,f,
531348ab-32fe-4909-aa97-0ed0dee126ec,In Progress,"",#F59E0B,"",67f7a8ff-35d2-4ab2-9500-4391fb23a979,bb45d548-464a-4c1e-a779-abaad08caf22,,39481af8-0004-4ff0-9be3-9e4b27d81187,35000,started,f,f,
e216960b-c47c-43b5-b747-12c2c5e6cc0f,Done,"",#46A758,"",67f7a8ff-35d2-4ab2-9500-4391fb23a979,bb45d548-464a-4c1e-a779-abaad08caf22,,39481af8-0004-4ff0-9be3-9e4b27d81187,45000,completed,f,f,
b0acf52e-d406-4c20-81b9-100bb3185d27,Cancelled,"",#9AA4BC,"",67f7a8ff-35d2-4ab2-9500-4391fb23a979,bb45d548-464a-4c1e-a779-abaad08caf22,,39481af8-0004-4ff0-9be3-9e4b27d81187,55000,cancelled,f,f,
8bba58ac-37a8-4a5d-a47c-6b4878ce0d61,Triage,"",#4E5355,"",67f7a8ff-35d2-4ab2-9500-4391fb23a979,bb45d548-464a-4c1e-a779-abaad08caf22,,39481af8-0004-4ff0-9be3-9e4b27d81187,65000,triage,f,f,
6199b957-d733-4fa5-84f1-1c7be094ce73,Backlog,"",#60646C,"",336fd297-1212-4edb-9633-72eb040058a3,df8cf1bd-dce7-4c12-9e75-6b43a1d49b3d,,39481af8-0004-4ff0-9be3-9e4b27d81187,15000,backlog,t,f,
b1658e51-cbb5-4baa-920e-d5dd9cf77344,Todo,"",#60646C,"",336fd297-1212-4edb-9633-72eb040058a3,df8cf1bd-dce7-4c12-9e75-6b43a1d49b3d,,39481af8-0004-4ff0-9be3-9e4b27d81187,25000,unstarted,f,f,
37383c14-b3fc-45a9-a9ff-3c27a8c39cfc,In Progress,"",#F59E0B,"",336fd297-1212-4edb-9633-72eb040058a3,df8cf1bd-dce7-4c12-9e75-6b43a1d49b3d,,39481af8-0004-4ff0-9be3-9e4b27d81187,35000,started,f,f,
286bdd85-8453-4df7-8bd0-09c9303bb0f4,Done,"",#46A758,"",336fd297-1212-4edb-9633-72eb040058a3,df8cf1bd-dce7-4c12-9e75-6b43a1d49b3d,,39481af8-0004-4ff0-9be3-9e4b27d81187,45000,completed,f,f,
0b02652e-4063-4c28-9152-1355c86f646a,Cancelled,"",#9AA4BC,"",336fd297-1212-4edb-9633-72eb040058a3,df8cf1bd-dce7-4c12-9e75-6b43a1d49b3d,,39481af8-0004-4ff0-9be3-9e4b27d81187,55000,cancelled,f,f,
7f39e471-a879-4861-bcfc-a8a6535befd5,Todo,"",#60646C,todo,,e2dd951e-6d7b-49d8-9a31-77db63ff4e22,,39481af8-0004-4ff0-9be3-9e4b27d81187,25000,unstarted,f,f,2026-07-24 00:19:10.374416+07
d55780c1-cfe9-4095-b01c-680440c24fd1,In Progress,"",#F59E0B,in-progress,,e2dd951e-6d7b-49d8-9a31-77db63ff4e22,,39481af8-0004-4ff0-9be3-9e4b27d81187,35000,started,f,f,2026-07-24 00:19:10.443028+07
ffc54446-c2db-4dbe-9550-7c3ce086eec9,Done,"",#46A758,done,,e2dd951e-6d7b-49d8-9a31-77db63ff4e22,,39481af8-0004-4ff0-9be3-9e4b27d81187,45000,completed,f,f,2026-07-24 00:19:10.515516+07
317e4a13-ecd8-458b-acc9-d96a111f21e4,Cancelled,"",#9AA4BC,cancelled,,e2dd951e-6d7b-49d8-9a31-77db63ff4e22,,39481af8-0004-4ff0-9be3-9e4b27d81187,55000,cancelled,f,f,2026-07-24 00:19:10.578223+07
224730d3-2f54-4025-8a68-9e76b4bb06b4,Triage,"",#4E5355,"",336fd297-1212-4edb-9633-72eb040058a3,df8cf1bd-dce7-4c12-9e75-6b43a1d49b3d,,39481af8-0004-4ff0-9be3-9e4b27d81187,65000,triage,f,f,
1406e881-1229-4ec5-bc89-a18873d2ea28,Backlog,"",#60646C,"",67f7a8ff-35d2-4ab2-9500-4391fb23a979,d34a0422-34c4-491d-91e0-81100677ba34,,39481af8-0004-4ff0-9be3-9e4b27d81187,15000,backlog,t,f,
e6745039-6e90-44c9-a3b3-f165b2e6c5d1,Todo,"",#60646C,"",67f7a8ff-35d2-4ab2-9500-4391fb23a979,d34a0422-34c4-491d-91e0-81100677ba34,,39481af8-0004-4ff0-9be3-9e4b27d81187,25000,unstarted,f,f,
b50cd82b-e6f9-4fb2-b9a7-819490bc4de1,In Progress,"",#F59E0B,"",67f7a8ff-35d2-4ab2-9500-4391fb23a979,d34a0422-34c4-491d-91e0-81100677ba34,,39481af8-0004-4ff0-9be3-9e4b27d81187,35000,started,f,f,
88c94887-05d0-4b6b-89c3-9488ec596529,Done,"",#46A758,"",67f7a8ff-35d2-4ab2-9500-4391fb23a979,d34a0422-34c4-491d-91e0-81100677ba34,,39481af8-0004-4ff0-9be3-9e4b27d81187,45000,completed,f,f,
d0401c7e-4364-402f-a0bc-026f5bbf5dcf,Cancelled,"",#9AA4BC,"",67f7a8ff-35d2-4ab2-9500-4391fb23a979,d34a0422-34c4-491d-91e0-81100677ba34,,39481af8-0004-4ff0-9be3-9e4b27d81187,55000,cancelled,f,f,
d0c99ae7-e2c1-47a4-b4a2-19bb3df4bae7,Triage,"",#4E5355,"",67f7a8ff-35d2-4ab2-9500-4391fb23a979,d34a0422-34c4-491d-91e0-81100677ba34,,39481af8-0004-4ff0-9be3-9e4b27d81187,65000,triage,f,f,
367b5acd-a941-4f47-84e9-3b9de1e80b57,Backlog,"",#60646C,"",c1b3dd42-6b5f-4806-8cdc-9d16768fe865,83c40b81-aad5-409b-8e2f-9083297beb08,,39481af8-0004-4ff0-9be3-9e4b27d81187,15000,backlog,t,f,
1f43770a-b6a6-4237-b992-3966cd21bb17,Todo,"",#60646C,"",c1b3dd42-6b5f-4806-8cdc-9d16768fe865,83c40b81-aad5-409b-8e2f-9083297beb08,,39481af8-0004-4ff0-9be3-9e4b27d81187,25000,unstarted,f,f,
1977007f-e00e-4067-be4a-306fad5680b4,In Progress,"",#F59E0B,"",c1b3dd42-6b5f-4806-8cdc-9d16768fe865,83c40b81-aad5-409b-8e2f-9083297beb08,,39481af8-0004-4ff0-9be3-9e4b27d81187,35000,started,f,f,
72f99be9-d3e4-4b67-a28e-9ced0fb7fe4d,Done,"",#46A758,"",c1b3dd42-6b5f-4806-8cdc-9d16768fe865,83c40b81-aad5-409b-8e2f-9083297beb08,,39481af8-0004-4ff0-9be3-9e4b27d81187,45000,completed,f,f,
acaeb631-74cd-4d2c-bd3f-2a9759dcc270,Cancelled,"",#9AA4BC,"",c1b3dd42-6b5f-4806-8cdc-9d16768fe865,83c40b81-aad5-409b-8e2f-9083297beb08,,39481af8-0004-4ff0-9be3-9e4b27d81187,55000,cancelled,f,f,
8bf256dd-c067-4346-9271-4cbbebc68b0d,Triage,"",#4E5355,"",c1b3dd42-6b5f-4806-8cdc-9d16768fe865,83c40b81-aad5-409b-8e2f-9083297beb08,,39481af8-0004-4ff0-9be3-9e4b27d81187,65000,triage,f,f,
24c8564d-160d-404c-a19f-a8ddf8cce6eb,Backlog,"",#60646C,backlog,,e2dd951e-6d7b-49d8-9a31-77db63ff4e22,,39481af8-0004-4ff0-9be3-9e4b27d81187,15000,backlog,t,f,2026-07-24 00:19:10.300594+07
9f597d15-d456-4a52-a623-433f951debee,Backlog,"",#60646C,"",67f7a8ff-35d2-4ab2-9500-4391fb23a979,210e76e1-e27a-417c-bd60-c113835d5344,,39481af8-0004-4ff0-9be3-9e4b27d81187,15000,backlog,t,f,
400dad4b-f6cd-47c9-a7e2-a680888d9d98,Todo,"",#60646C,"",67f7a8ff-35d2-4ab2-9500-4391fb23a979,210e76e1-e27a-417c-bd60-c113835d5344,,39481af8-0004-4ff0-9be3-9e4b27d81187,25000,unstarted,f,f,
448a6078-ead3-4415-84bd-6d3958096873,In Progress,"",#F59E0B,"",67f7a8ff-35d2-4ab2-9500-4391fb23a979,210e76e1-e27a-417c-bd60-c113835d5344,,39481af8-0004-4ff0-9be3-9e4b27d81187,35000,started,f,f,
e1543cce-3d15-471a-9a31-cb8217469044,Done,"",#46A758,"",67f7a8ff-35d2-4ab2-9500-4391fb23a979,210e76e1-e27a-417c-bd60-c113835d5344,,39481af8-0004-4ff0-9be3-9e4b27d81187,45000,completed,f,f,
ae931d4c-921f-41e1-a20f-7f8e47e1a351,Cancelled,"",#9AA4BC,"",67f7a8ff-35d2-4ab2-9500-4391fb23a979,210e76e1-e27a-417c-bd60-c113835d5344,,39481af8-0004-4ff0-9be3-9e4b27d81187,55000,cancelled,f,f,
8720e88e-0c30-494b-bf86-98f8b6a17ff0,Triage,"",#4E5355,"",67f7a8ff-35d2-4ab2-9500-4391fb23a979,210e76e1-e27a-417c-bd60-c113835d5344,,39481af8-0004-4ff0-9be3-9e4b27d81187,65000,triage,f,f,
32de6836-aa3e-4cc2-b060-19e862514b36,Backlog,"",#60646C,"",67f7a8ff-35d2-4ab2-9500-4391fb23a979,68b134ee-1674-4660-8c46-5b2753937142,,39481af8-0004-4ff0-9be3-9e4b27d81187,15000,backlog,t,f,
abe1d5f6-334c-4c19-b19a-a63925d88776,Todo,"",#60646C,"",67f7a8ff-35d2-4ab2-9500-4391fb23a979,68b134ee-1674-4660-8c46-5b2753937142,,39481af8-0004-4ff0-9be3-9e4b27d81187,25000,unstarted,f,f,
d354a4b5-2734-471e-b159-680383be751b,In Progress,"",#F59E0B,"",67f7a8ff-35d2-4ab2-9500-4391fb23a979,68b134ee-1674-4660-8c46-5b2753937142,,39481af8-0004-4ff0-9be3-9e4b27d81187,35000,started,f,f,
0e65d21f-64c9-47e6-b8ab-894730dcf4b5,Done,"",#46A758,"",67f7a8ff-35d2-4ab2-9500-4391fb23a979,68b134ee-1674-4660-8c46-5b2753937142,,39481af8-0004-4ff0-9be3-9e4b27d81187,45000,completed,f,f,
3b743496-981b-41b5-93ef-5cc72ecb91cf,Cancelled,"",#9AA4BC,"",67f7a8ff-35d2-4ab2-9500-4391fb23a979,68b134ee-1674-4660-8c46-5b2753937142,,39481af8-0004-4ff0-9be3-9e4b27d81187,55000,cancelled,f,f,
0cbd419c-85d6-480b-b6e7-35a14e796cfd,Triage,"",#4E5355,"",67f7a8ff-35d2-4ab2-9500-4391fb23a979,68b134ee-1674-4660-8c46-5b2753937142,,39481af8-0004-4ff0-9be3-9e4b27d81187,65000,triage,f,f,
eb606d2a-b35c-4c99-abd1-e1dbc741ca07,Backlog,"",#60646C,"",67f7a8ff-35d2-4ab2-9500-4391fb23a979,d132c1a9-0b93-4621-a243-794a95da1ec3,,39481af8-0004-4ff0-9be3-9e4b27d81187,15000,backlog,t,f,
bdd4ba46-32b8-4bbd-a31c-56c6eeca9568,Todo,"",#60646C,"",67f7a8ff-35d2-4ab2-9500-4391fb23a979,d132c1a9-0b93-4621-a243-794a95da1ec3,,39481af8-0004-4ff0-9be3-9e4b27d81187,25000,unstarted,f,f,
fee05362-d26b-4e1e-bd98-01c204a4d135,In Progress,"",#F59E0B,"",67f7a8ff-35d2-4ab2-9500-4391fb23a979,d132c1a9-0b93-4621-a243-794a95da1ec3,,39481af8-0004-4ff0-9be3-9e4b27d81187,35000,started,f,f,
5462b154-a18f-4f8d-af32-56feac79c0f2,Done,"",#46A758,"",67f7a8ff-35d2-4ab2-9500-4391fb23a979,d132c1a9-0b93-4621-a243-794a95da1ec3,,39481af8-0004-4ff0-9be3-9e4b27d81187,45000,completed,f,f,
9d599971-bac9-4a50-bd28-59325e060461,Cancelled,"",#9AA4BC,"",67f7a8ff-35d2-4ab2-9500-4391fb23a979,d132c1a9-0b93-4621-a243-794a95da1ec3,,39481af8-0004-4ff0-9be3-9e4b27d81187,55000,cancelled,f,f,
ef0bb379-b10f-408c-a239-2ff92c0c19b8,Triage,"",#4E5355,"",67f7a8ff-35d2-4ab2-9500-4391fb23a979,d132c1a9-0b93-4621-a243-794a95da1ec3,,39481af8-0004-4ff0-9be3-9e4b27d81187,65000,triage,f,f,
7b2fcaeb-4279-4c22-aad5-cec85847a897,Backlog,"",#60646C,"",1f9ae46c-3875-430a-9a35-8f5e7fea9092,28c61067-78c8-44ef-954b-424a2d84a381,,39481af8-0004-4ff0-9be3-9e4b27d81187,15000,backlog,t,f,
bf9393e3-34a8-4182-bf0f-0ccf0d4ab72c,Todo,"",#60646C,"",1f9ae46c-3875-430a-9a35-8f5e7fea9092,28c61067-78c8-44ef-954b-424a2d84a381,,39481af8-0004-4ff0-9be3-9e4b27d81187,25000,unstarted,f,f,
97a55871-1542-4e30-97db-effd69f7986b,In Progress,"",#F59E0B,"",1f9ae46c-3875-430a-9a35-8f5e7fea9092,28c61067-78c8-44ef-954b-424a2d84a381,,39481af8-0004-4ff0-9be3-9e4b27d81187,35000,started,f,f,
4b80975b-5bfe-41ff-aec2-d130735fff30,Done,"",#46A758,"",1f9ae46c-3875-430a-9a35-8f5e7fea9092,28c61067-78c8-44ef-954b-424a2d84a381,,39481af8-0004-4ff0-9be3-9e4b27d81187,45000,completed,f,f,
059c29cc-28a3-453d-94d2-fb528046cdc5,Cancelled,"",#9AA4BC,"",1f9ae46c-3875-430a-9a35-8f5e7fea9092,28c61067-78c8-44ef-954b-424a2d84a381,,39481af8-0004-4ff0-9be3-9e4b27d81187,55000,cancelled,f,f,
c5e93fc7-0ba1-45e4-8c1f-455ee0fd91e6,Triage,"",#4E5355,"",1f9ae46c-3875-430a-9a35-8f5e7fea9092,28c61067-78c8-44ef-954b-424a2d84a381,,39481af8-0004-4ff0-9be3-9e4b27d81187,65000,triage,f,f,
